{"fresh": 1, "and": 2, "greasy": 3, "ok": 4, "just": 5, "whoa": 6, "spicy": 7, "strawberry": 8, "twizzlers": 9, "": 10, "yummy": 11, "an": 12, "acquired": 13, "taste": 14, "high": 15, "quality": 16, "my": 17, "dog": 18, "enjoys": 19, "budget": 20, "does": 21, "too": 22, "doggie": 23, "loves": 24, "it": 25, "a": 26, "lot": 27, "not": 28, "so": 29, "much": 30, "morning": 31, "glory": 32, "good": 33, "product": 34, "sticky": 35, "mess": 36, "wonderful": 37, "at": 38, "the": 39, "right": 40, "price": 41, "sweet": 42, "delightits": 43, "pretty": 44, "sonny": 45, "boys": 46, "favorite": 47, "100": 48, "american": 49, "juice": 50, "from": 51, "concentrate": 52, "oy": 53, "vey": 54, "hearty": 55, "aint": 56, "quick": 57, "meals": 58, "are": 59, "possible": 60, "of": 61, "thing": 62, "great": 63, "convenience": 64, "fragrance": 65, "flavor": 66, "another": 67, "cat": 68, "food": 69, "highly": 70, "recommend": 71, "handy": 72, "tasty": 73, "to": 74, "have": 75, "on": 76, "hand": 77, "impressed": 78, "delicious": 79, "tea": 80, "big": 81, "for": 82, "small": 83, "breeds": 84, "you": 85, "kitties": 86, "sodium": 87, "though": 88, "eh": 89, "i": 90, "wanted": 91, "like": 92, "this": 93, "is": 94, "best": 95, "idea": 96, "diet": 97, "mild": 98, "but": 99, "nutrition": 100, "size": 101, "no": 102, "cholesterol": 103, "very": 104, "mmmmmmmm": 105, "oh": 106, "stuff": 107, "excellent": 108, "sardines": 109, "low": 110, "in": 111, "calories": 112, "weak": 113, "caramel": 114, "sorta": 115, "aroma": 116, "drink": 117, "with": 118, "minimum": 119, "treat": 120, "fiber": 121, "shelf": 122, "life": 123, "easy": 124, "lunch": 125, "few": 126, "additions": 127, "quite": 128, "first": 129, "rate": 130, "blend": 131, "promising": 132, "disappointing": 133, "coffee": 134, "soup": 135, "enjoyed": 136, "pure": 137, "those": 138, "who": 139, "control": 140, "their": 141, "diets": 142, "rather": 143, "bland": 144, "real": 145, "fruit": 146, "juices": 147, "added": 148, "carbonation": 149, "sugar": 150, "mmmmm": 151, "nice": 152, "mix": 153, "nutrients": 154, "somewhat": 155, "superior": 156, "nutrient": 157, "yum": 158, "really": 159, "now": 160, "understand": 161, "snack": 162, "rich": 163, "sunflower": 164, "seed": 165, "cracker": 166, "jacks": 167, "as": 168, "remembered": 169, "terrific": 170, "help": 171, "im": 172, "eating": 173, "many": 174, "tasting": 175, "he": 176, "likes": 177, "bars": 178, "new": 179, "chocolate": 180, "japan": 181, "cats": 182, "love": 183, "em": 184, "only": 185, "two": 186, "each": 187, "wife": 188, "son": 189, "them": 190, "brown": 191, "rice": 192, "old": 193, "days": 194, "electrolytes": 195, "after": 196, "heavy": 197, "workouts": 198, "these": 199, "gonna": 200, "last": 201, "long": 202, "strong": 203, "ginger": 204, "aftertaste": 205, "mango": 206, "gee": 207, "what": 208, "can": 209, "say": 210, "beverage": 211, "teeny": 212, "tiny": 213, "little": 214, "treats": 215, "they": 216, "healthy": 217, "reward": 218, "following": 219, "commands": 220, "bad": 221, "smooth": 222, "bitter": 223, "plenty": 224, "simple": 225, "fast": 226, "way": 227, "make": 228, "chicken": 229, "one": 230, "favorites": 231, "alltime": 232, "tullys": 233, "kcup": 234, "tastes": 235, "when": 236, "green": 237, "recommended": 238, "odd": 239, "fake": 240, "hot": 241, "cocoa": 242, "diabetic": 243, "friendly": 244, "candy": 245, "true": 246, "bacon": 247, "outstanding": 248, "substitute": 249, "college": 250, "students": 251, "effective": 252, "energy": 253, "jelly": 254, "beans": 255, "bold": 256, "kona": 257, "sugarfree": 258, "pudding": 259, "drinkable": 260, "flavored": 261, "kick": 262, "engery": 263, "shots": 264, "ready": 265, "eat": 266, "meal": 267, "tender": 268, "minilollipops": 269, "heat": 270, "indian": 271, "dish": 272, "jerky": 273, "fairly": 274, "black": 275, "cherry": 276, "diabetics": 277, "granola": 278, "served": 279, "fantastic": 280, "carb": 281, "pasta": 282, "wasabi": 283, "gum": 284, "tapers": 285, "off": 286, "cause": 287, "gastric": 288, "distress": 289, "protein": 290, "saving": 291, "grace": 292, "mountain": 293, "absolute": 294, "dream": 295, "come": 296, "enjoy": 297, "dark": 298, "roasts": 299, "hazelnut": 300, "choice": 301, "your": 302, "keurig": 303, "brewer": 304, "we": 305, "couldnt": 306, "be": 307, "happier": 308, "our": 309, "cusinart": 310, "retirement": 311, "k": 312, "cups": 313, "weve": 314, "tried": 315, "far": 316, "smells": 317, "thankfully": 318, "both": 319, "middleoftheroad": 320, "want": 321, "plain": 322, "cup": 323, "mostly": 324, "large": 325, "pieces": 326, "careful": 327, "opening": 328, "bag": 329, "turned": 330, "me": 331, "into": 332, "espresso": 333, "lover": 334, "its": 335, "own": 336, "bit": 337, "nothing": 338, "special": 339, "return": 340, "kit": 341, "kat": 342, "theres": 343, "catch": 344, "three": 345, "out": 346, "four": 347, "approve": 348, "owner": 349, "less": 350, "enthused": 351, "raisin": 352, "bran": 353, "debate": 354, "post": 355, "vs": 356, "kelloggs": 357, "nicely": 358, "packed": 359, "surprisingly": 360, "dipping": 361, "sauce": 362, "need": 363, "put": 364, "some": 365, "work": 366, "benefits": 367, "arrowhead": 368, "mills": 369, "whole": 370, "grain": 371, "buttermilk": 372, "pancakes": 373, "unbelievably": 374, "top": 375, "drawer": 376, "delicate": 377, "filbert": 378, "cookies": 379, "that": 380, "everyone": 381, "robust": 382, "earl": 383, "grey": 384, "there": 385, "organic": 386, "gourmet": 387, "marcona": 388, "almonds": 389, "huge": 390, "box": 391, "rolled": 392, "oats": 393, "get": 394, "gummy": 395, "cooked": 396, "salt": 397, "seasoned": 398, "expensive": 399, "soothing": 400, "fruiy": 401, "carbonated": 402, "luxury": 403, "hard": 404, "amazing": 405, "service": 406, "tons": 407, "kettle": 408, "potato": 409, "chips": 410, "fully": 411, "loaded": 412, "baked": 413, "onion": 414, "lightlyspiced": 415, "crunchy": 416, "value": 417, "glad": 418, "find": 419, "1": 420, "oz": 421, "could": 422, "better": 423, "dry": 424, "slight": 425, "jalapeno": 426, "ever": 427, "ridiculously": 428, "chip": 429, "kinetic": 430, "kraziness": 431, "melts": 432, "mouth": 433, "all": 434, "natural": 435, "pumpkin": 436, "smoothie": 437, "anyone": 438, "safe": 439, "sniff": 440, "youll": 441, "sold": 442, "medicine": 443, "pucker": 444, "up": 445, "thick": 446, "didnt": 447, "bother": 448, "stomach": 449, "lemon": 450, "together": 451, "salty": 452, "vinegary": 453, "unique": 454, "gift": 455, "surprising": 456, "amount": 457, "extremely": 458, "pricey": 459, "haribo": 460, "wow": 461, "glutenfree": 462, "dairyfree": 463, "gluten": 464, "free": 465, "fans": 466, "thai": 467, "perfect": 468, "car": 469, "trips": 470, "enough": 471, "kids": 472, "even": 473, "do": 474, "texture": 475, "works": 476, "than": 477, "airborne": 478, "sometimes": 479, "honey": 480, "dijon": 481, "leaves": 482, "ny": 483, "cheddar": 484, "yowzah": 485, "classic": 486, "wafer": 487, "tangy": 488, "goodness": 489, "by": 490, "themselves": 491, "never": 492, "cheez": 493, "doodles": 494, "again": 495, "bags": 496, "leak": 497, "finely": 498, "crushed": 499, "vinegar": 500, "if": 501, "side": 502, "body": 503, "lotion": 504, "crisp": 505, "alternative": 506, "pricy": 507, "curry": 508, "buy": 509, "bbq": 510, "cost": 511, "deal": 512, "barbeque": 513, "perfection": 514, "thaiflavored": 515, "supreme": 516, "always": 517, "oooh": 518, "chipsnothing": 519, "something": 520, "different": 521, "gaain": 522, "twenty": 523, "pounds": 524, "whatsoever": 525, "flavors": 526, "addicitive": 527, "smell": 528, "kept": 529, "coming": 530, "back": 531, "more": 532, "awesome": 533, "must": 534, "disgusting": 535, "actually": 536, "bite": 537, "become": 538, "chippoisseur": 539, "sweetfinally": 540, "superbowl": 541, "scooores": 542, "refuel": 543, "exercise": 544, "or": 545, "liven": 546, "0": 547, "pinch": 548, "via": 549, "portable": 550, "affordable": 551, "joe": 552, "feed": 553, "5": 554, "mediumroast": 555, "complex": 556, "tones": 557, "2011": 558, "chefs": 559, "award": 560, "nong": 561, "shims": 562, "noodle": 563, "bowl": 564, "evokes": 565, "confectionery": 566, "light": 567, "roast": 568, "soft": 569, "catchier": 570, "crumblyblandness": 571, "fed": 572, "family": 573, "about": 574, "7": 575, "amazons": 576, "subscribe": 577, "save": 578, "program": 579, "makes": 580, "pairs": 581, "well": 582, "fullblown": 583, "head": 584, "cold": 585, "whether": 586, "call": 587, "rooster": 588, "ketchup": 589, "condiment": 590, "wont": 591, "down": 592, "knees": 593, "cheese": 594, "used": 595, "firm": 596, "bread": 597, "indulgent": 598, "cookie": 599, "shipping": 600, "tad": 601, "pleasant": 602, "scrumptious": 603, "heavenly": 604, "indeed": 605, "lightly": 606, "without": 607, "sour": 608, "cream": 609, "ive": 610, "had": 611, "crackers": 612, "fabulous": 613, "boxochips": 614, "fantasticyou": 615, "beat": 616, "resist": 617, "spice": 618, "addictive": 619, "panda": 620, "boxes": 621, "licorice": 622, "cereal": 623, "bar": 624, "balance": 625, "crunchiness": 626, "moisture": 627, "70": 628, "over": 629, "creamy": 630, "chivey": 631, "disappointed": 632, "prefer": 633, "other": 634, "will": 635, "habit": 636, "forming": 637, "advertised": 638, "berry": 639, "sea": 640, "already": 641, "dont": 642, "mind": 643, "being": 644, "thirsty": 645, "day": 646, "160mg": 647, "sodiumserving": 648, "indulgence": 649, "enjoyable": 650, "unsalted": 651, "deliciousyet": 652, "companions": 653, "touch": 654, "maybe": 655, "worst": 656, "surprise": 657, "smokin": 658, "plump": 659, "filling": 660, "heaven": 661, "anise": 662, "else": 663, "did": 664, "expect": 665, "salted": 666, "heavily": 667, "mislabeled": 668, "godo": 669, "use": 670, "convenient": 671, "tonguepuckering": 672, "tang": 673, "crunch": 674, "still": 675, "airy": 676, "crispy": 677, "grandsons": 678, "grams": 679, "flavorfuland": 680, "chipsperiod": 681, "extra": 682, "zesty": 683, "spiced": 684, "dogs": 685, "heartburn": 686, "sufferers": 687, "artificial": 688, "flavorscolors": 689, "preservatives": 690, "fashioned": 691, "snob": 692, "alert": 693, "powerful": 694, "changed": 695, "horrible": 696, "ruined": 697, "choclate": 698, "miss": 699, "bottle": 700, "vanilla": 701, "fruity": 702, "sooooo": 703, "versitile": 704, "lost": 705, "weight": 706, "graham": 707, "tasted": 708, "youre": 709, "allergic": 710, "egg": 711, "yolks": 712, "mayo": 713, "how": 714, "pretzel": 715, "worth": 716, "time": 717, "pressed": 718, "saver": 719, "difference": 720, "oil": 721, "coconut": 722, "water": 723, "while": 724, "pregnant": 725, "baby": 726, "vendor": 727, "overpriced": 728, "expected": 729, "burnt": 730, "gf": 731, "gaaak": 732, "extreme": 733, "absotively": 734, "posilutely": 735, "gone": 736, "hill": 737, "completely": 738, "ripped": 739, "c": 740, "h": 741, "pc": 742, "ph": 743, "o": 744, "r": 745, "y": 746, "b": 747, "db": 748, "e": 749, "u": 750, "v": 751, "yt": 752, "s": 753, "t": 754, "m": 755, "yb": 756, "ti": 757, "et": 758, "ts": 759, "hs": 760, "l": 761, "aw": 762, "os": 763, "pe": 764, "n": 765, "gt": 766, "sp": 767, "d": 768, "g": 769, "ly": 770, "af": 771, "tf": 772, "rak": 773, "tl": 774, "ei": 775, "ys": 776, "p": 777, "st": 778, "es": 779, "ht": 780, "f": 781, "ro": 782, "ke": 783, "x": 784, "nc": 785, "w": 786, "e1": 787, "0s": 788, "si": 789, "stale": 790, "beware": 791, "buying": 792, "where": 793, "cranberries": 794, "overly": 795, "chewy": 796, "liked": 797, "goodbut": 798, "awful": 799, "edible": 800, "individually": 801, "wrapped": 802, "moldy": 803, "order": 804, "during": 805, "warm": 806, "months": 807, "found": 808, "contain": 809, "msg": 810, "unfortunately": 811, "pleasantly": 812, "surprised": 813, "rancid": 814, "tiniest": 815, "terrible": 816, "english": 817, "sell": 818, "heres": 819, "beef": 820, "garbage": 821, "chemicals": 822, "colors": 823, "were": 824, "damaged": 825, "holes": 826, "stains": 827, "mouse": 828, "pineappleyummy": 829, "delicioius": 830, "carry": 831, "wary": 832, "dependable": 833, "colmans": 834, "mustard": 835, "caviar": 836, "orgasmic": 837, "packs": 838, "punch": 839, "soda": 840, "effervescent": 841, "licoricemint": 842, "teas": 843, "aiding": 844, "digesting": 845, "dental": 846, "problems": 847, "breath": 848, "accent": 849, "any": 850, "sandwich": 851, "limited": 852, "edition": 853, "cant": 854, "believe": 855, "priced": 856, "next": 857, "china": 858, "farts": 859, "onions": 860, "been": 861, "addicted": 862, "toothese": 863, "superb": 864, "paprika": 865, "barbecue": 866, "know": 867, "origin": 868, "word": 869, "highest": 870, "marzipan": 871, "read": 872, "story": 873, "here": 874, "marzipanlike": 875, "brief": 876, "history": 877, "feast": 878, "most": 879, "finnicky": 880, "furry": 881, "feline": 882, "3": 883, "delivery": 884, "poor": 885, "handling": 886, "may": 887, "try": 888, "key": 889, "lime": 890, "cakes": 891, "hit": 892, "spot": 893, "yoli": 894, "home": 895, "run": 896, "starbucks": 897, "grade": 898, "smiles": 899, "joyous": 900, "tastiness": 901, "uses": 902, "decently": 903, "above": 904, "average": 905, "successful": 906, "experiment": 907, "start": 908, "addition": 909, "repertoire": 910, "originalalbeit": 911, "tamed": 912, "entry": 913, "portfolio": 914, "decaffeinated": 915, "easier": 916, "scratch": 917, "sunday": 918, "evening": 919, "tomato": 920, "burn": 921, "hide": 922, "golden": 923, "travelling": 924, "close": 925, "expiration": 926, "date": 927, "happy": 928, "years": 929, "fat": 930, "should": 931, "gi": 932, "health": 933, "decent": 934, "lowcarb": 935, "nutritional": 936, "profile": 937, "anywhere": 938, "defacto": 939, "standard": 940, "yet": 941, "caution": 942, "complaint": 943, "has": 944, "kiss": 945, "every": 946, "awesomely": 947, "pantry": 948, "youve": 949, "got": 950, "change": 951, "pace": 952, "shouldnt": 953, "using": 954, "anything": 955, "delightful": 956, "burst": 957, "million": 958, "ways": 959, "tummy": 960, "wouldnt": 961, "except": 962, "occasion": 963, "nut": 964, "foods": 965, "expired": 966, "stock": 967, "4": 968, "stars": 969, "chocolatey": 970, "blueberries": 971, "grandmother": 972, "fountain": 973, "shake": 974, "comfort": 975, "nuts": 976, "cannot": 977, "delectable": 978, "brownies": 979, "smaller": 980, "things": 981, "us": 982, "guys": 983, "excessively": 984, "greek": 985, "yogurt": 986, "edgy": 987, "plus": 988, "recipe": 989, "made": 990, "mistake": 991, "oldest": 992, "acid": 993, "darker": 994, "half": 995, "thats": 996, "needs": 997, "salsa": 998, "ask": 999, "widely": 1000, "available": 1001, "vegetarianvegan": 1002, "option": 1003, "plockys": 1004, "smokey": 1005, "chipotle": 1006, "tortill": 1007, "faboo": 1008, "dangerous": 1009, "prone": 1010, "binges": 1011, "fun": 1012, "poppingcrispy": 1013, "sticks": 1014, "dipped": 1015, "manga": 1016, "local": 1017, "wait": 1018, "till": 1019, "fall": 1020, "why": 1021, "notice": 1022, "babies": 1023, "sooner": 1024, "lowerer": 1025, "carbers": 1026, "teethtasty": 1027, "instant": 1028, "appcinn": 1029, "oatmeals": 1030, "funky": 1031, "ingredients": 1032, "oatmeal": 1033, "bitsa": 1034, "serving": 1035, "summer": 1036, "grape": 1037, "pop": 1038, "stevia": 1039, "haters": 1040, "dreadful": 1041, "before": 1042, "alonewhoa": 1043, "insanely": 1044, "deliciousbut": 1045, "wish": 1046, "instead": 1047, "theyd": 1048, "categorize": 1049, "thisoh": 1050, "absolutely": 1051, "yummiest": 1052, "blue": 1053, "diamond": 1054, "regular": 1055, "sleepiness": 1056, "bummer": 1057, "fave": 1058, "packaged": 1059, "grow": 1060, "tortilla": 1061, "eaten": 1062, "such": 1063, "sooooooooooo": 1064, "cool": 1065, "super": 1066, "refreshing": 1067, "chowder": 1068, "cheaper": 1069, "warehouse": 1070, "club": 1071, "popchips": 1072, "chipstasty": 1073, "sure": 1074, "stop": 1075, "carrying": 1076, "om": 1077, "nom": 1078, "music": 1079, "palate": 1080, "secret": 1081, "additive": 1082, "fanfreakintastic": 1083, "red": 1084, "simply": 1085, "broken": 1086, "timely": 1087, "vile": 1088, "beautiful": 1089, "presentation": 1090, "buttah": 1091, "petite": 1092, "mmmm": 1093, "runny": 1094, "icky": 1095, "mama": 1096, "lilly": 1097, "says": 1098, "2": 1099, "thumbs": 1100, "babys": 1101, "2nd": 1102, "stage": 1103, "constipation": 1104, "earths": 1105, "bests": 1106, "sons": 1107, "dinner": 1108, "seems": 1109, "place": 1110, "picky": 1111, "thin": 1112, "compared": 1113, "others": 1114, "wasnt": 1115, "fan": 1116, "meh": 1117, "daughter": 1118, "eats": 1119, "everything": 1120, "isnt": 1121, "her": 1122, "variety": 1123, "pack": 1124, "daughters": 1125, "jarred": 1126, "ate": 1127, "50": 1128, "yumminess": 1129, "breakfast": 1130, "snacks": 1131, "none": 1132, "market": 1133, "passed": 1134, "test": 1135, "worthwhile": 1136, "lamb": 1137, "canine": 1138, "testimonial": 1139, "hardtack": 1140, "switch": 1141, "hip": 1142, "hooray": 1143, "zukes": 1144, "part": 1145, "waking": 1146, "extraordinary": 1147, "premium": 1148, "pops": 1149, "tops": 1150, "duck": 1151, "jingo": 1152, "goldfish": 1153, "chew": 1154, "finally": 1155, "seriously": 1156, "apple": 1157, "custardy": 1158, "metallic": 1159, "pearl": 1160, "sheen": 1161, "airbrush": 1162, "americolor": 1163, "tomatoes": 1164, "decaf": 1165, "brand": 1166, "fizzlicious": 1167, "30": 1168, "minutes": 1169, "simmering": 1170, "cardamon": 1171, "thrilled": 1172, "bits": 1173, "omg": 1174, "sin": 1175, "ooh": 1176, "apart": 1177, "cooking": 1178, "crystallized": 1179, "sized": 1180, "juicy": 1181, "au": 1182, "gratin": 1183, "potatoes": 1184, "theyre": 1185, "mashed": 1186, "taters": 1187, "lab": 1188, "approved": 1189, "search": 1190, "continues": 1191, "intense": 1192, "holiday": 1193, "romantic": 1194, "experience": 1195, "serviceable": 1196, "unhealthy": 1197, "sodas": 1198, "fine": 1199, "herbal": 1200, "caffeinated": 1201, "beverages": 1202, "rooibos": 1203, "digestive": 1204, "aid": 1205, "caveats": 1206, "yes": 1207, "stress": 1208, "relief": 1209, "cinnamon": 1210, "exquisite": 1211, "mint": 1212, "immune": 1213, "booster": 1214, "unusual": 1215, "subtle": 1216, "chamomile": 1217, "adult": 1218, "adventurous": 1219, "berrylike": 1220, "youd": 1221, "lovely": 1222, "original": 1223, "ideakombucha": 1224, "morocco": 1225, "pleasing": 1226, "deeelicious": 1227, "bergamoty": 1228, "basic": 1229, "glass": 1230, "mixed": 1231, "relaxing": 1232, "zen": 1233, "folks": 1234, "reviewing": 1235, "mistakes": 1236, "tell": 1237, "normal": 1238, "spirited": 1239, "v8": 1240, "neither": 1241, "nor": 1242, "effect": 1243, "either": 1244, "husband": 1245, "glorified": 1246, "noodles": 1247, "caloriestheyre": 1248, "kinda": 1249, "chalky": 1250, "go": 1251, "satisfies": 1252, "tooth": 1253, "satisfying": 1254, "flavorful": 1255, "refreshingly": 1256, "lite": 1257, "mediumdark": 1258, "albet": 1259, "also": 1260, "woebers": 1261, "pal": 1262, "wild": 1263, "ride": 1264, "cowboy": 1265, "strips": 1266, "roland": 1267, "sun": 1268, "ripened": 1269, "dried": 1270, "planters": 1271, "cashews": 1272, "was": 1273, "okay": 1274, "oreo": 1275, "pleased": 1276, "200": 1277, "inside": 1278, "corroded": 1279, "lobster": 1280, "tomalleyhealth": 1281, "risk": 1282, "nature": 1283, "harvest": 1284, "wheats": 1285, "base": 1286, "mexican": 1287, "waxy": 1288, "star": 1289, "chinese": 1290, "pot": 1291, "pie": 1292, "crab": 1293, "meat": 1294, "layer": 1295, "veneer": 1296, "comparison": 1297, "lakewood": 1298, "expires": 1299, "dec": 1300, "lots": 1301, "dates": 1302, "minimal": 1303, "winner": 1304, "thought": 1305, "british": 1306, "equals": 1307, "lchaim": 1308, "review": 1309, "purchased": 1310, "amazoncom": 1311, "amazon": 1312, "topchips": 1313, "yam": 1314, "game": 1315, "chipslove": 1316, "pringles": 1317, "stephen": 1318, "baldwin": 1319, "overtones": 1320, "cardboard": 1321, "agree": 1322, "stuffgood": 1323, "packaging": 1324, "points": 1325, "watchers": 1326, "definately": 1327, "hairball": 1328, "formula": 1329, "doesnt": 1330, "seem": 1331, "rock": 1332, "wifes": 1333, "6flavor": 1334, "moremoremore": 1335, "people": 1336, "eater": 1337, "between": 1338, "carbssugars": 1339, "ultimately": 1340, "depends": 1341, "personality": 1342, "whoo": 1343, "wee": 1344, "gingery": 1345, "slightly": 1346, "charred": 1347, "popcorn": 1348, "grainy": 1349, "residue": 1350, "poorly": 1351, "constructed": 1352, "designed": 1353, "keeping": 1354, "keebler": 1355, "level": 1356, "permanent": 1357, "replacement": 1358, "candies": 1359, "house": 1360, "considering": 1361, "add": 1362, "stellar": 1363, "pesto": 1364, "keep": 1365, "possibly": 1366, "adulterated": 1367, "bison": 1368, "patties": 1369, "type": 1370, "belgian": 1371, "waffle": 1372, "batter": 1373, "went": 1374, "crazy": 1375, "neighbor": 1376, "wants": 1377, "move": 1378, "veggie": 1379, "bliss": 1380, "invention": 1381, "convincing": 1382, "including": 1383, "mothers": 1384, "came": 1385, "second": 1386, "office": 1387, "greatest": 1388, "fatty": 1389, "pb": 1390, "pricemust": 1391, "wrong": 1392, "steak": 1393, "canned": 1394, "clam": 1395, "pistachios": 1396, "truly": 1397, "amazingly": 1398, "hype": 1399, "lentils": 1400, "arent": 1401, "sort": 1402, "grindy": 1403, "paws": 1404, "id": 1405, "powdery": 1406, "pet": 1407, "wheres": 1408, "kiwi": 1409, "mmm": 1410, "semisweet": 1411, "staple": 1412, "bird": 1413, "41": 1414, "cents": 1415, "per": 1416, "08": 1417, "ounce": 1418, "twice": 1419, "superlight": 1420, "substitutes": 1421, "palmiers": 1422, "2004": 1423, "citrusy": 1424, "basil": 1425, "fragile": 1426, "4320": 1427, "48": 1428, "buds": 1429, "bud": 1430, "look": 1431, "78": 1432, "barilla": 1433, "usa": 1434, "1360": 1435, "pinhead": 1436, "1769": 1437, "bellies": 1438, "knock": 1439, "socks": 1440, "almond": 1441, "vegan": 1442, "honestly": 1443, "goes": 1444, "dose": 1445, "mrs": 1446, "mays": 1447, "tin": 1448, "powder": 1449, "bottled": 1450, "sugary": 1451, "iced": 1452, "sweetened": 1453, "stash": 1454, "boring": 1455, "al": 1456, "trying": 1457, "darn": 1458, "pitcher": 1459, "yumyum": 1460, "mom": 1461, "deeelish": 1462, "ice": 1463, "drinks": 1464, "purchaser": 1465, "pick": 1466, "wonderfully": 1467, "powdered": 1468, "cheeper": 1469, "jamba": 1470, "matcha": 1471, "shot": 1472, "corn": 1473, "allergy": 1474, "sweetener": 1475, "tofu": 1476, "ambrosia": 1477, "tastier": 1478, "then": 1479, "would": 1480, "tart": 1481, "helps": 1482, "muscle": 1483, "soreness": 1484, "shipment": 1485, "hydrating": 1486, "greattasting": 1487, "wore": 1488, "myself": 1489, "answer": 1490, "cramping": 1491, "vita": 1492, "coco": 1493, "pineapple": 1494, "same": 1495, "name": 1496, "cappuccino": 1497, "afternoon": 1498, "pickup": 1499, "thirst": 1500, "quenching": 1501, "feel": 1502, "full": 1503, "thickener": 1504, "smoothies": 1505, "awsome": 1506, "rejuvenating": 1507, "serve": 1508, "chilled": 1509, "alternatives": 1510, "greate": 1511, "bestis": 1512, "coffe": 1513, "opposite": 1514, "sleepy": 1515, "pirce": 1516, "gross": 1517, "35": 1518, "nonchocophile": 1519, "hardcore": 1520, "wheatfree": 1521, "sampler": 1522, "watered": 1523, "turkish": 1524, "folgers": 1525, "around": 1526, "profits": 1527, "charity": 1528, "spicey": 1529, "cake": 1530, "item": 1531, "hmm": 1532, "healthier": 1533, "liver": 1534, "options": 1535, "rewards": 1536, "training": 1537, "waste": 1538, "brands": 1539, "scary": 1540, "raised": 1541, "questions": 1542, "human": 1543, "manufacturing": 1544, "process": 1545, "fooled": 1546, "eaters": 1547, "watch": 1548, "dented": 1549, "cans": 1550, "rerate": 1551, "later": 1552, "solution": 1553, "preferred": 1554, "baking": 1555, "aluminum": 1556, "cuppa": 1557, "texturedidnt": 1558, "win": 1559, "nausea": 1560, "rjs": 1561, "10": 1562, "lacking": 1563, "depth": 1564, "color": 1565, "washington": 1566, "walnut": 1567, "school": 1568, "teenager": 1569, "mushy": 1570, "watery": 1571, "multiple": 1572, "settings": 1573, "colombian": 1574, "wouldve": 1575, "known": 1576, "sorry": 1577, "excuse": 1578, "carousel": 1579, "productgreat": 1580, "exceptional": 1581, "totally": 1582, "versatile": 1583, "jackspack": 1584, "25": 1585, "batch": 1586, "15ouncepack": 1587, "6": 1588, "mms": 1589, "peanut": 1590, "192ouncepack": 1591, "pepperidge": 1592, "farm": 1593, "cookiessoft": 1594, "captivapack": 1595, "santa": 1596, "cruz": 1597, "cookiepack": 1598, "crackerspack": 1599, "8": 1600, "bpa": 1601, "looks": 1602, "edens": 1603, "acidic": 1604, "refrigeration": 1605, "needed": 1606, "labeled": 1607, "mcvities": 1608, "combination": 1609, "fish": 1610, "seemingly": 1611, "pupster": 1612, "strength": 1613, "omgoah": 1614, "niche": 1615, "hoped": 1616, "care": 1617, "trumps": 1618, "rope": 1619, "point": 1620, "dishes": 1621, "delish": 1622, "ultimate": 1623, "nobody": 1624, "world": 1625, "pleasure": 1626, "dining": 1627, "allergies": 1628, "paleoprimal": 1629, "outta": 1630, "mae": 1631, "ploy": 1632, "peony": 1633, "city": 1634, "ham": 1635, "addicting": 1636, "outthere": 1637, "disappointment": 1638, "similar": 1639, "munchos": 1640, "hope": 1641, "pesticide": 1642, "certified": 1643, "please": 1644, "past": 1645, "almost": 1646, "devour": 1647, "morsels": 1648, "milkshake": 1649, "peas": 1650, "gnaw": 1651, "yourself": 1652, "chunk": 1653, "sells": 1654, "biscuit": 1655, "crumbs": 1656, "bisquick": 1657, "loved": 1658, "take": 1659, "getting": 1660, "saying": 1661, "pico": 1662, "pica": 1663, "bitterness": 1664, "mellow": 1665, "chemical": 1666, "improvement": 1667, "decaff": 1668, "tarty": 1669, "lowacid": 1670, "reviews": 1671, "preground": 1672, "beats": 1673, "modest": 1674, "content": 1675, "elegant": 1676, "allbutter": 1677, "biscuits": 1678, "illy": 1679, "issimo": 1680, "caffegrave": 1681, "mole": 1682, "poblano": 1683, "ginormous": 1684, "1000": 1685, "mildly": 1686, "authentic": 1687, "newmans": 1688, "organics": 1689, "barley": 1690, "zealand": 1691, "ranch": 1692, "style": 1693, "gold": 1694, "kili": 1695, "lacks": 1696, "tangerine": 1697, "fragrant": 1698, "whats": 1699, "good5": 1700, "toothsaver": 1701, "choose": 1702, "ramen": 1703, "orange": 1704, "covered": 1705, "apparently": 1706, "5050": 1707, "response": 1708, "ground": 1709, "180": 1710, "135calorie": 1711, "compromise": 1712, "beginners": 1713, "misnamed": 1714, "messes": 1715, "caffeine": 1716, "acidity": 1717, "andrew": 1718, "weil": 1719, "recommends": 1720, "stimulate": 1721, "blood": 1722, "flow": 1723, "probably": 1724, "suited": 1725, "medium": 1726, "going": 1727, "captain": 1728, "kind": 1729, "dad": 1730, "switched": 1731, "soso": 1732, "badbut": 1733, "remarkable": 1734, "am": 1735, "told": 1736, "household": 1737, "toy": 1738, "plan": 1739, "replace": 1740, "frequently": 1741, "guilty": 1742, "coated": 1743, "goooood": 1744, "certainly": 1745, "halfcaf": 1746, "blending": 1747, "acceptable": 1748, "took": 1749, "oat": 1750, "give": 1751, "discover": 1752, "quailty": 1753, "region": 1754, "definitely": 1755, "scores": 1756, "melitta": 1757, "noms": 1758, "galaxymoney": 1759, "chain": 1760, "sooo": 1761, "ingredient": 1762, "drop": 1763, "delight": 1764, "bottoms": 1765, "naturally": 1766, "finish": 1767, "lovers": 1768, "mediocre": 1769, "diarrhea": 1770, "silk": 1771, "soy": 1772, "dent": 1773, "omit": 1774, "veggies": 1775, "knorr": 1776, "ought": 1777, "ashamed": 1778, "komodo": 1779, "dragon": 1780, "comes": 1781, "town": 1782, "reminds": 1783, "demitasse": 1784, "wired": 1785, "night": 1786, "doubts": 1787, "messy": 1788, "warning": 1789, "contains": 1790, "menadione": 1791, "check": 1792, "controversial": 1793, "decide": 1794, "commonest": 1795, "hing": 1796, "calorific": 1797, "drat": 1798, "kibble": 1799, "allays": 1800, "concerns": 1801, "him": 1802, "multigrain": 1803, "version": 1804, "appeal": 1805, "twins": 1806, "milk": 1807, "recipes": 1808, "hates": 1809, "slim": 1810, "jim": 1811, "3rd": 1812, "girl": 1813, "scout": 1814, "scale": 1815, "peppery": 1816, "disappears": 1817, "swallow": 1818, "7th": 1819, "4th": 1820, "9th": 1821, "10th": 1822, "carbohydrate": 1823, "hors": 1824, "doeuvre": 1825, "year": 1826, "thank": 1827, "gobbled": 1828, "df": 1829, "done": 1830, "holy": 1831, "moly": 1832, "strongly": 1833, "bleh": 1834, "resembling": 1835, "ravioli": 1836, "kid": 1837, "incredible": 1838, "resealable": 1839, "money": 1840, "month": 1841, "informed": 1842, "largest": 1843, "ingrident": 1844, "gave": 1845, "outdated": 1846, "general": 1847, "thickness": 1848, "doneness": 1849, "however": 1850, "child": 1851, "brew": 1852, "constipated": 1853, "french": 1854, "kidding": 1855, "stick": 1856, "desk": 1857, "unbeatable": 1858, "flavour": 1859, "cee": 1860, "cees": 1861, "five": 1862, "paw": 1863, "salute": 1864, "subtly": 1865, "healthily": 1866, "packet": 1867, "might": 1868, "making": 1869, "doughy": 1870, "eight": 1871, "raw": 1872, "freeze": 1873, "imagined": 1874, "goodnessreminds": 1875, "1960s": 1876, "bought": 1877, "12": 1878, "boxeswhat": 1879, "pamaelas": 1880, "products": 1881, "kills": 1882, "substitue": 1883, "boost": 1884, "nutritious": 1885, "excited": 1886, "keeps": 1887, "neater": 1888, "six": 1889, "upset": 1890, "hansens": 1891, "environmentally": 1892, "responsible": 1893, "buffalo": 1894, "shelter": 1895, "sampling": 1896, "goat": 1897, "cheeses": 1898, "mushroomy": 1899, "fats": 1900, "strictly": 1901, "smokeyhot": 1902, "demand": 1903, "treatsgood": 1904, "misleading": 1905, "syrupy": 1906, "familys": 1907, "shortbread": 1908, "restaurant": 1909, "ribs": 1910, "tartar": 1911, "kitten": 1912, "snaggletoothed": 1913, "interested": 1914, "properties": 1915, "satisying": 1916, "biljac": 1917, "wins": 1918, "hands": 1919, "rocks": 1920, "bright": 1921, "details": 1922, "bomb": 1923, "improves": 1924, "popular": 1925, "middle": 1926, "range": 1927, "european": 1928, "guy": 1929, "entertainment": 1930, "pooch": 1931, "fizz": 1932, "having": 1933, "pleasingly": 1934, "let": 1935, "sweettart": 1936, "ii": 1937, "problem": 1938, "pez": 1939, "dispenser": 1940, "hibiscus": 1941, "quantity": 1942, "typical": 1943, "ingredientsbut": 1944, "occassional": 1945, "suits": 1946, "described": 1947, "lightweight": 1948, "bubbles": 1949, "pork": 1950, "chop": 1951, "coating": 1952, "fizzy": 1953, "citrus": 1954, "crust": 1955, "bulk": 1956, "bubbly": 1957, "orangy": 1958, "economic": 1959, "impact": 1960, "skip": 1961, "mary": 1962, "anne": 1963, "skipper": 1964, "because": 1965, "chocoholics": 1966, "worse": 1967, "gingerlemon": 1968, "roasty": 1969, "interesting": 1970, "tested": 1971, "faygo": 1972, "slice": 1973, "switching": 1974, "tinged": 1975, "vitamin": 1976, "usually": 1977, "giant": 1978, "flavoring": 1979, "inverse": 1980, "sodalike": 1981, "fancy": 1982, "medleys": 1983, "addict": 1984, "nip": 1985, "gooey": 1986, "sweetness": 1987, "liquid": 1988, "somewhere": 1989, "cakea": 1990, "kiwis": 1991, "berries": 1992, "ummm": 1993, "34": 1994, "unsoda": 1995, "strange": 1996, "flaky": 1997, "flakey": 1998, "center": 1999, "catfood": 2000, "pay": 2001, "attention": 2002, "labels": 2003, "step": 2004, "usual": 2005, "trick": 2006, "sickening": 2007, "cheap": 2008, "champagne": 2009, "enriched": 2010, "glorious": 2011, "liscious": 2012, "clear": 2013, "chaser": 2014, "fleshed": 2015, "filler": 2016, "picture": 2017, "marred": 2018, "initial": 2019, "waxiness": 2020, "rishi": 2021, "restaraunts": 2022, "deliver": 2023, "moist": 2024, "perfectly": 2025, "balanced": 2026, "grows": 2027, "texas": 2028, "fav": 2029, "pungent": 2030, "pup": 2031, "success": 2032, "popchip": 2033, "currently": 2034, "bully": 2035, "finicky": 2036, "yuck": 2037, "ridiculous": 2038, "couple": 2039, "issues": 2040, "until": 2041, "outsmarts": 2042, "hershey": 2043, "week": 2044, "ill": 2045, "pass": 2046, "doll": 2047, "ones": 2048, "yellow": 2049, "obviously": 2050, "components": 2051, "colavita": 2052, "polenta": 2053, "blueberry": 2054, "muffin": 2055, "larabar": 2056, "emerald": 2057, "orangey": 2058, "tangeriney": 2059, "spritzer": 2060, "chocolateflavored": 2061, "wine": 2062, "gums": 2063, "sucker": 2064, "think": 2065, "fizzier": 2066, "orangina": 2067, "atypical": 2068, "least": 2069, "hfcs": 2070, "83": 2071, "alomonds": 2072, "net": 2073, "wt": 2074, "11": 2075, "ounces": 2076, "oddtasting": 2077, "puppies": 2078, "chocolates": 2079, "orangetangerine": 2080, "deboles": 2081, "fettuccine": 2082, "white": 2083, "yerba": 2084, "mate": 2085, "miracle": 2086, "vomit": 2087, "reorder": 2088, "puerh": 2089, "tuo": 2090, "cha": 2091, "leave": 2092, "bricks": 2093, "omgosh": 2094, "harsh": 2095, "toosweet": 2096, "anyway": 2097, "confessions": 2098, "maggie": 2099, "sez": 2100, "sophisticated": 2101, "guilt": 2102, "soybean": 2103, "con": 2104, "attached": 2105, "unnatural": 2106, "essentially": 2107, "flawed": 2108, "yucky": 2109, "nasty": 2110, "especially": 2111, "squirrels": 2112, "suet": 2113, "soap": 2114, "lollipop": 2115, "offers": 2116, "perhaps": 2117, "zingy": 2118, "flashback": 2119, "childhood": 2120, "memories": 2121, "man": 2122, "lower": 2123, "unappealing": 2124, "bigger": 2125, "sample": 2126, "uncut": 2127, "backup": 2128, "overdo": 2129, "prepacked": 2130, "spoil": 2131, "pussy": 2132, "solid": 2133, "talk": 2134, "ehh": 2135, "lowcalorie": 2136, "sharp": 2137, "fair": 2138, "winter": 2139, "sipping": 2140, "cloying": 2141, "flowers": 2142, "quickly": 2143, "muddy": 2144, "kiwiberry": 2145, "playing": 2146, "late": 2147, "information": 2148, "exs": 2149, "itneed": 2150, "exactly": 2151, "claims": 2152, "states": 2153, "eatable": 2154, "puroast": 2155, "bubblegum": 2156, "zing": 2157, "adequate": 2158, "doggies": 2159, "sink": 2160, "teeth": 2161, "roasthigh": 2162, "praise": 2163, "elvis": 2164, "butter": 2165, "banana": 2166, "sandwiches": 2167, "swwwwweet": 2168, "yeah": 2169, "sir": 2170, "saffron": 2171, "appproved": 2172, "assortment": 2173, "bitesize": 2174, "chow": 2175, "kitty": 2176, "tropical": 2177, "woofed": 2178, "longtime": 2179, "milder": 2180, "sassy": 2181, "shop": 2182, "purrfect": 2183, "45": 2184, "starts": 2185, "missing": 2186, "nonwhey": 2187, "nonsoy": 2188, "tip": 2189, "improving": 2190, "consistency": 2191, "whey": 2192, "nutritionally": 2193, "clumpy": 2194, "lol": 2195, "shcoked": 2196, "supermarket": 2197, "everyday": 2198, "multipack": 2199, "vet": 2200, "deserves": 2201, "camping": 2202, "trixie": 2203, "wondercat": 2204, "person": 2205, "crumbly": 2206, "grass": 2207, "cow": 2208, "saltfree": 2209, "sweeten": 2210, "delivers": 2211, "promises": 2212, "said": 2213, "bolds": 2214, "bagged": 2215, "setting": 2216, "mehokay": 2217, "spirit": 2218, "aloha": 2219, "lousy": 2220, "defective": 2221, "otherwise": 2222, "yuk": 2223, "island": 2224, "escape": 2225, "lets": 2226, "everlasting": 2227, "shaved": 2228, "syrup": 2229, "period": 2230, "fond": 2231, "slimy": 2232, "wolfgang": 2233, "puck": 2234, "columbian": 2235, "sorrento": 2236, "kcups": 2237, "bed": 2238, "nonflavored": 2239, "drinkers": 2240, "jamaican": 2241, "rodeo": 2242, "drive": 2243, "tasteless": 2244, "wp": 2245, "sealed": 2246, "disfigured": 2247, "unusable": 2248, "wolfgand": 2249, "pucks": 2250, "confirmed": 2251, "hawaiian": 2252, "seals": 2253, "loose": 2254, "busting": 2255, "open": 2256, "brewing": 2257, "yah": 2258, "page": 2259, "southern": 2260, "pecan": 2261, "brewers": 2262, "soothingly": 2263, "woflgang": 2264, "lightmedium": 2265, "highquality": 2266, "francaise": 2267, "started": 2268, "loyal": 2269, "customer": 2270, "hated": 2271, "kalamata": 2272, "suit": 2273, "thanks": 2274, "jarring": 2275, "hint": 2276, "rocket": 2277, "fuel": 2278, "mediumbold": 2279, "distinct": 2280, "tail": 2281, "wagging": 2282, "coffees": 2283, "odor": 2284, "definite": 2285, "cuppaexcept": 2286, "lively": 2287, "sumatran": 2288, "sick": 2289, "americano": 2290, "yummo": 2291, "purist": 2292, "anytime": 2293, "ahhhh": 2294, "reasonably": 2295, "wolgang": 2296, "maui": 2297, "melon": 2298, "mintastic": 2299, "wolfgangs": 2300, "hazlenut": 2301, "fullbodied": 2302, "knows": 2303, "further": 2304, "stand": 2305, "creme": 2306, "wolf": 2307, "personal": 2308, "kkup": 2309, "wolfgan": 2310, "coffeebreakfast": 2311, "exquisitely": 2312, "jamica": 2313, "crazyso": 2314, "yumo": 2315, "sale": 2316, "jamaica": 2317, "imo": 2318, "gets": 2319, "ears": 2320, "rating": 2321, "worlds": 2322, "secretly": 2323, "47": 2324, "mm": 2325, "heavensent": 2326, "delicacy": 2327, "titled": 2328, "unremarkable": 2329, "smoothtasting": 2330, "sumatra": 2331, "problematic": 2332, "favored": 2333, "friend": 2334, "hawaii": 2335, "daily": 2336, "favoritestarbucks": 2337, "satisfied": 2338, "purchase": 2339, "bolder": 2340, "jamaca": 2341, "pod": 2342, "grounds": 2343, "ordering": 2344, "vienna": 2345, "wake": 2346, "deliciousness": 2347, "looking": 2348, "wout": 2349, "br\u00fbleacutee": 2350, "carmel": 2351, "finds": 2352, "grinds": 2353, "wowed": 2354, "happen": 2355, "gangs": 2356, "sleeper": 2357, "smoky": 2358, "donut": 2359, "ew": 2360, "blah": 2361, "twangy": 2362, "avoid": 2363, "oranges": 2364, "smoothrich": 2365, "meant": 2366, "hidden": 2367, "cofffee": 2368, "goto": 2369, "overpowering": 2370, "ewwwww": 2371, "terrrrific": 2372, "amzn": 2373, "cs": 2374, "rates": 2375, "starsemerils": 2376, "chanceand": 2377, "climbing": 2378, "offer": 2379, "guidance": 2380, "offering": 2381, "wellrounded": 2382, "schnauzer": 2383, "colas": 2384, "compare": 2385, "foodcat": 2386, "deelish": 2387, "galil": 2388, "roasted": 2389, "chestnuts": 2390, "littler": 2391, "oskri": 2392, "originals": 2393, "celestial": 2394, "seasoning": 2395, "maker": 2396, "barely": 2397, "kopi": 2398, "raya": 2399, "labradors": 2400, "soooooo": 2401, "labelled": 2402, "pups": 2403, "selling": 2404, "discovery": 2405, "century": 2406, "adds": 2407, "slowly": 2408, "vegetariansvegans": 2409, "kong": 2410, "thins": 2411, "issue": 2412, "several": 2413, "form": 2414, "elsewhere": 2415, "seller": 2416, "enthusiast": 2417, "store": 2418, "pastas": 2419, "chia": 2420, "smokiness": 2421, "34g": 2422, "coworkers": 2423, "breakroom": 2424, "freshness": 2425, "dmn": 2426, "bleach": 2427, "mouthwash": 2428, "lifesavers": 2429, "cough": 2430, "drops": 2431, "asian": 2432, "slow": 2433, "giving": 2434, "medicationtry": 2435, "minty": 2436, "breaded": 2437, "hey": 2438, "dieting": 2439, "traditional": 2440, "nonetheless": 2441, "stuffed": 2442, "greenie": 2443, "cereals": 2444, "peach": 2445, "incorrect": 2446, "bones": 2447, "snickerdoodle": 2448, "container": 2449, "boy": 2450, "heathly": 2451, "pricing": 2452, "ideal": 2453, "toffee": 2454, "hicarb": 2455, "luckey": 2456, "earth": 2457, "addins": 2458, "hodgepodge": 2459, "masquerading": 2460, "reallllllly": 2461, "mesquite": 2462, "tastey": 2463, "thicker": 2464, "cut": 2465, "exceeded": 2466, "expectations": 2467, "caused": 2468, "ulcers": 2469, "tract": 2470, "deep": 2471, "river": 2472, "swt": 2473, "24": 2474, "nuggets": 2475, "koi": 2476, "curries": 2477, "tastetwist": 2478, "package": 2479, "jalepeno": 2480, "jablum": 2481, "nonplused": 2482, "write": 2483, "astonishingly": 2484, "challenge": 2485, "twist": 2486, "thanksgiving": 2487, "mushrooms": 2488, "iffy": 2489, "gerd": 2490, "prices": 2491, "amazom": 2492, "alright": 2493, "meow": 2494, "toast": 2495, "watering": 2496, "writing": 2497, "storage": 2498, "lollipops": 2499, "darkly": 2500, "roated": 2501, "aftertastenot": 2502, "brulee": 2503, "pleaser": 2504, "neooooooow": 2505, "satisfy": 2506, "craving": 2507, "based": 2508, "listed": 2509, "prepared": 2510, "clean": 2511, "canister": 2512, "expiry": 2513, "cancelled": 2514, "splenda": 2515, "questionable": 2516, "shipped": 2517, "kopali": 2518, "killing": 2519, "abc": 2520, "news": 2521, "2012": 2522, "chemicalsmy": 2523, "shih": 2524, "tzu": 2525, "pekingese": 2526, "pekinese": 2527, "grapefruit": 2528, "aromatic": 2529, "amz": 2530, "pumps": 2531, "glucossamin": 2532, "chondroitin": 2533, "wholesome": 2534, "hips": 2535, "dogswell": 2536, "results": 2537, "continued": 2538, "prescribed": 2539, "dosage": 2540, "waggin": 2541, "tails": 2542, "skin": 2543, "conditions": 2544, "safety": 2545, "concern": 2546, "quench": 2547, "carbs": 2548, "margin": 2549, "dogfood": 2550, "umame": 2551, "havent": 2552, "older": 2553, "she": 2554, "reasonable": 2555, "yorkie": 2556, "fda": 2557, "poison": 2558, "vomiting": 2559, "precious": 2560, "critters": 2561, "promised": 2562, "aching": 2563, "joints": 2564, "healthiest": 2565, "ten": 2566, "hipshappy": 2567, "pets": 2568, "chewies": 2569, "lifesaver": 2570, "fussiest": 2571, "consumer": 2572, "report": 2573, "pappi": 2574, "loving": 2575, "thinly": 2576, "sliced": 2577, "byrons": 2578, "butmade": 2579, "doing": 2580, "reommend": 2581, "sourced": 2582, "sudden": 2583, "once": 2584, "causes": 2585, "feels": 2586, "goldensrule": 2587, "heroin": 2588, "feeding": 2589, "anymore": 2590, "andor": 2591, "throw": 2592, "omgchina": 2593, "supplement": 2594, "glucosamine": 2595, "chrondrotin": 2596, "dogslove": 2597, "diagnosed": 2598, "autoimmune": 2599, "disease": 2600, "diabetes": 2601, "trust": 2602, "stinky": 2603, "unsafe": 2604, "downhill": 2605, "zero": 2606, "became": 2607, "grackles": 2608, "delouse": 2609, "dachshunds": 2610, "doogswell": 2611, "owners": 2612, "11182011": 2613, "usamade": 2614, "manufacturer": 2615, "warningno": 2616, "returns": 2617, "accepted": 2618, "warns": 2619, "harm": 2620, "kill": 2621, "uno": 2622, "advertising": 2623, "dogwell": 2624, "deliciously": 2625, "deeeeeefreakinglicious": 2626, "ship": 2627, "219": 2628, "jbertsiesfavs": 2629, "beyond": 2630, "die": 2631, "nuss": 2632, "ist": 2633, "los": 2634, "sherman": 2635, "centennialco": 2636, "albertsons": 2637, "sssooo": 2638, "storebought": 2639, "bahlsen": 2640, "decadence": 2641, "crowd": 2642, "bisquits": 2643, "hollownot": 2644, "trouble": 2645, "unfortunate": 2646, "partially": 2647, "hydrogenated": 2648, "oils": 2649, "oreos": 2650, "capuccino": 2651, "veryvery": 2652, "sip": 2653, "stings": 2654, "catkins": 2655, "kicks": 2656, "reflux": 2657, "lose": 2658, "irritates": 2659, "kittys": 2660, "tummies": 2661, "tastetry": 2662, "kitchen": 2663, "artist": 2664, "lemonade": 2665, "de": 2666, "piroulinedark": 2667, "davidsons": 2668, "snikiddy": 2669, "southwest": 2670, "fries": 2671, "grind": 2672, "bake": 2673, "grew": 2674, "tazo": 2675, "leaf": 2676, "tazo\u00ae": 2677, "mystery": 2678, "spendy": 2679, "earthy": 2680, "servicable": 2681, "handsdown": 2682, "unobjectionable": 2683, "midrange": 2684, "coffeebetter": 2685, "grocery": 2686, "stood": 2687, "ran": 2688, "proportions": 2689, "testedcubicle": 2690, "toosmall": 2691, "sighhhhh": 2692, "starry": 2693, "eyed": 2694, "buddy": 2695, "spare": 2696, "dime": 2697, "sit": 2698, "stay": 2699, "vote": 2700, "tempting": 2701, "undertones": 2702, "vary": 2703, "calorie": 2704, "tide": 2705, "hunger": 2706, "urges": 2707, "spark": 2708, "blandly": 2709, "job": 2710, "foul": 2711, "varieties": 2712, "live": 2713, "shirataki": 2714, "thesejust": 2715, "angel": 2716, "hair": 2717, "yummmm": 2718, "sees": 2719, "takes": 2720, "monkey": 2721, "platter": 2722, "homemade": 2723, "airtight": 2724, "stylebenefits": 2725, "frozen": 2726, "items": 2727, "carries": 2728, "cubes": 2729, "qualityworth": 2730, "penny": 2731, "aside": 2732, "freezer": 2733, "tray": 2734, "bebea": 2735, "trays": 2736, "useful": 2737, "perfectand": 2738, "servingsized": 2739, "portions": 2740, "pink": 2741, "larger": 2742, "silicon": 2743, "containers": 2744, "theory": 2745, "beaba": 2746, "multiportion": 2747, "functional": 2748, "freezing": 2749, "crappy": 2750, "lid": 2751, "pictured": 2752, "chipped": 2753, "slimey": 2754, "dilute": 2755, "peggy": 2756, "minus": 2757, "pepper": 2758, "ladies": 2759, "habaneroy": 2760, "tetrapaks": 2761, "ale": 2762, "bruce": 2763, "kashi": 2764, "opinion": 2765, "jack": 2766, "russel": 2767, "defies": 2768, "tough": 2769, "lighter": 2770, "med": 2771, "hoping": 2772, "pupperz": 2773, "dug": 2774, "warming": 2775, "chops": 2776, "stampede": 2777, "marriage": 2778, "hardest": 2779, "vegetarian": 2780, "ray": 2781, "senior": 2782, "decided": 2783, "subscriptions": 2784, "milkbone": 2785, "exhaustive": 2786, "flavorfulsalty": 2787, "dewclaws": 2788, "awkward": 2789, "puppy": 2790, "wheat": 2791, "westie": 2792, "begging": 2793, "refresher": 2794, "shaking": 2795, "pouch": 2796, "which": 2797, "mean": 2798, "lunchish": 2799, "facts": 2800, "mouthpuckeringly": 2801, "chelsea": 2802, "werent": 2803, "pamper": 2804, "differ": 2805, "companion": 2806, "maplebrown": 2807, "bodied": 2808, "serious": 2809, "beagle": 2810, "count": 2811, "seen": 2812, "dance": 2813, "empty": 2814, "sore": 2815, "throat": 2816, "elkhound": 2817, "lie": 2818, "eww": 2819, "disappeared": 2820, "seconds": 2821, "complaints": 2822, "slurpy": 2823, "kisses": 2824, "10ounce": 2825, "672ounce": 2826, "chocolatebut": 2827, "alldog": 2828, "gives": 2829, "refreshening": 2830, "luvers": 2831, "weird": 2832, "digestible": 2833, "forget": 2834, "remember": 2835, "cuisine": 2836, "snapper": 2837, "frenchy": 2838, "blast": 2839, "play": 2840, "bulldog": 2841, "feelings": 2842, "nomexcellent": 2843, "noticeable": 2844, "arfilicious": 2845, "oldfasioned": 2846, "gal": 2847, "yea": 2848, "sloooooww": 2849, "nonmeat": 2850, "soo": 2851, "pregnancy": 2852, "crack": 2853, "vegetables": 2854, "deeeelish": 2855, "misrepresented": 2856, "laxative": 2857, "threshold": 2858, "ltv": 2859, "splash": 2860, "guava": 2861, "joy": 2862, "chewablebut": 2863, "unpleasant": 2864, "speak": 2865, "gentle": 2866, "disliked": 2867, "tastelike": 2868, "par": 2869, "tastewise": 2870, "lowfat": 2871, "source": 2872, "proteinbut": 2873, "chai": 2874, "hold": 2875, "updated": 2876, "ordinary": 2877, "rusty": 2878, "colored": 2879, "running": 2880, "basically": 2881, "sensation": 2882, "livr": 2883, "licious": 2884, "bizarre": 2885, "strangely": 2886, "freaking": 2887, "tingle": 2888, "regularly": 2889, "dispense": 2890, "wasabisoyawesome": 2891, "everywhere": 2892, "sitting": 2893, "fence": 2894, "lunches": 2895, "shim": 2896, "30minutes": 2897, "mariade": 2898, "munch": 2899, "yowza": 2900, "afghanistan": 2901, "tabasco": 2902, "thee": 2903, "snacker": 2904, "yukky": 2905, "smelled": 2906, "forgotten": 2907, "addiction": 2908, "plastic": 2909, "raccoons": 2910, "possums": 2911, "skunks": 2912, "jennies": 2913, "macaroons": 2914, "berserk": 2915, "opened": 2916, "tickles": 2917, "lingering": 2918, "sheer": 2919, "hotness": 2920, "poprocks": 2921, "54": 2922, "gimmick": 2923, "taster": 2924, "definitive": 2925, "unexciting": 2926, "worthy": 2927, "greatif": 2928, "maniac": 2929, "overload": 2930, "practically": 2931, "children": 2932, "cajun": 2933, "250": 2934, "ml": 2935, "end": 2936, "matters": 2937, "nono": 2938, "80": 2939, "hearburn": 2940, "breading": 2941, "3ounce": 2942, "shoulder": 2943, "cabonated": 2944, "bergamot": 2945, "tacos": 2946, "label": 2947, "carefully": 2948, "vegg": 2949, "perfected": 2950, "emphasis": 2951, "pales": 2952, "marconas": 2953, "weeknight": 2954, "litterally": 2955, "gagged": 2956, "doubtful": 2957, "aweful": 2958, "sweeteners": 2959, "greyhound": 2960, "borderline": 2961, "seasonings": 2962, "tasteful": 2963, "awfully": 2964, "sweetand": 2965, "soggier": 2966, "shaken": 2967, "stirred": 2968, "unbelievable": 2969, "drinking": 2970, "pastry": 2971, "trader": 2972, "joes": 2973, "marinade": 2974, "saltpopchips": 2975, "tootsie": 2976, "popsyum": 2977, "yumthis": 2978, "brews": 2979, "describe": 2980, "blazin": 2981, "wing": 2982, "lowcarbers": 2983, "addicts": 2984, "5hour": 2985, "ohmygod": 2986, "girls": 2987, "pb2": 2988, "since": 2989, "yay": 2990, "lt3": 2991, "brilliant": 2992, "conscious": 2993, "loss": 2994, "bp2": 2995, "ww": 2996, "vi": 2997, "lo": 2998, "sub": 2999, "cal": 3000, "tast": 3001, "pb2powder": 3002, "feeling": 3003, "guiltfree": 3004, "peanutbutter": 3005, "knew": 3006, "peanutelicious": 3007, "pbj": 3008, "netrition": 3009, "mixing": 3010, "topslisa": 3011, "shakes": 3012, "seedsnot": 3013, "fix": 3014, "directions": 3015, "caloriesfat": 3016, "guiltless": 3017, "snacking": 3018, "menu": 3019, "shocked": 3020, "excellant": 3021, "peanuts": 3022, "iteslf": 3023, "tasts": 3024, "fewer": 3025, "pine": 3026, "breakdown": 3027, "dieters": 3028, "nutty": 3029, "mixin": 3030, "itself": 3031, "spread": 3032, "stirring": 3033, "sprinkle": 3034, "boot": 3035, "apples": 3036, "outrageious": 3037, "sauces": 3038, "dips": 3039, "obsessed": 3040, "doh": 3041, "productawful": 3042, "measure": 3043, "volume": 3044, "short": 3045, "countlots": 3046, "buyer": 3047, "bewareread": 3048, "impossible": 3049, "ratio": 3050, "includes": 3051, "cd": 3052, "fullfat": 3053, "nurserosado": 3054, "goo": 3055, "unjustified": 3056, "equalizer": 3057, "answers": 3058, "cheesy": 3059, "deliciousgreat": 3060, "smart": 3061, "dehydrated": 3062, "doctor": 3063, "jalapenos": 3064, "imho": 3065, "90": 3066, "lavendar": 3067, "clippings": 3068, "rainbow": 3069, "jimmies": 3070, "cupcakes": 3071, "sprinkles": 3072, "purple": 3073, "midline": 3074, "model": 3075, "enought": 3076, "crow": 3077, "suitable": 3078, "yummers": 3079, "frontier": 3080, "trade": 3081, "extract": 3082, "share": 3083, "sister": 3084, "committee": 3085, "reached": 3086, "decision": 3087, "brighteyed": 3088, "sesame": 3089, "york": 3090, "deli": 3091, "starship": 3092, "captains": 3093, "miserable": 3094, "posthumous": 3095, "oscar": 3096, "mr": 3097, "newman": 3098, "potent": 3099, "birthday": 3100, "frankensteins": 3101, "monsters": 3102, "ummmm": 3103, "stir": 3104, "fry": 3105, "assam": 3106, "lipton": 3107, "dip": 3108, "stew": 3109, "combo": 3110, "pre": 3111, "probiotics": 3112, "pouches": 3113, "update": 3114, "felines": 3115, "ho": 3116, "hum": 3117, "upon": 3118, "feedback": 3119, "medicinal": 3120, "garden": 3121, "medley": 3122, "favortie": 3123, "bast": 3124, "visit": 3125, "peppermint": 3126, "room": 3127, "consistently": 3128, "refrigerator": 3129, "feet": 3130, "impressive": 3131, "cocoaflavored": 3132, "sucralose": 3133, "mapley": 3134, "overwhelming": 3135, "ingredientsif": 3136, "3year": 3137, "google": 3138, "okays": 3139, "skimpy": 3140, "grazing": 3141, "parts": 3142, "sad": 3143, "noise": 3144, "bakers": 3145, "uninspirational": 3146, "maple": 3147, "cute": 3148, "entertaining": 3149, "portion": 3150, "contolled": 3151, "concept": 3152, "singles": 3153, "tween": 3154, "dachshund": 3155, "qualified": 3156, "noisy": 3157, "hardly": 3158, "pho": 3159, "shouldve": 3160, "jasmine": 3161, "gunpowder": 3162, "hurry": 3163, "promise": 3164, "received": 3165, "remedy": 3166, "darned": 3167, "sweeter": 3168, "tates": 3169, "supper": 3170, "prepare": 3171, "heart": 3172, "quaker": 3173, "wchocolate": 3174, "unsweetened": 3175, "montmorency": 3176, "fried": 3177, "pain": 3178, "unchanged": 3179, "reducedacid": 3180, "set": 3181, "lemoon": 3182, "chipsin": 3183, "zippy": 3184, "colds": 3185, "disgustingand": 3186, "tongue": 3187, "excessive": 3188, "magic": 3189, "lifelong": 3190, "justify": 3191, "aquired": 3192, "develop": 3193, "wierd": 3194, "funny": 3195, "lasting": 3196, "loads": 3197, "losing": 3198, "dang": 3199, "suprisingly": 3200, "suffer": 3201, "foolproof": 3202, "natures": 3203, "instinct": 3204, "bites": 3205, "easily": 3206, "competing": 3207, "unpalatable": 3208, "conflicted": 3209, "rub": 3210, "destination": 3211, "marketing": 3212, "fad": 3213, "reason": 3214, "chili": 3215, "standby": 3216, "licks": 3217, "approachable": 3218, "123": 3219, "retro": 3220, "essential": 3221, "benefitted": 3222, "thme": 3223, "rest": 3224, "somthing": 3225, "crave": 3226, "120": 3227, "caloriesoz": 3228, "flavorless": 3229, "native": 3230, "state": 3231, "occasional": 3232, "tastybut": 3233, "100calorie": 3234, "watching": 3235, "today": 3236, "convert": 3237, "allnatural": 3238, "tasteall": 3239, "picks": 3240, "tassimo": 3241, "choices": 3242, "unsinfully": 3243, "lip": 3244, "smackin": 3245, "sent": 3246, "correct": 3247, "fattening": 3248, "soyif": 3249, "sensitivity": 3250, "naughtiness": 3251, "ruining": 3252, "popcorntype": 3253, "watcher": 3254, "potatoe": 3255, "generous": 3256, "servings": 3257, "celery": 3258, "batman": 3259, "hypoallergenic": 3260, "fail": 3261, "edited": 3262, "longer": 3263, "prime": 3264, "ehhh": 3265, "chocoate": 3266, "newbie": 3267, "potatos": 3268, "uncomplicated": 3269, "limey": 3270, "everybody": 3271, "single": 3272, "indulging": 3273, "snacky": 3274, "inconsistent": 3275, "illegal": 3276, "parmesan": 3277, "garlic": 3278, "spicymmmmgood": 3279, "figgie": 3280, "through": 3281, "send": 3282, "cloyingly": 3283, "hooked": 3284, "void": 3285, "popped": 3286, "kernels": 3287, "see": 3288, "called": 3289, "greeaat": 3290, "gym": 3291, "adults": 3292, "chews": 3293, "gas": 3294, "gotta": 3295, "breathe": 3296, "introduction": 3297, "bargain": 3298, "taffy": 3299, "selfcontrol": 3300, "chipshappy": 3301, "amzaon": 3302, "womans": 3303, "incredibly": 3304, "changedand": 3305, "accustomed": 3306, "campbells": 3307, "grandchildren": 3308, "crunchysalty": 3309, "caveat": 3310, "090212": 3311, "goodies": 3312, "retailers": 3313, "lays": 3314, "trashtoo": 3315, "teste24": 3316, "trash": 3317, "dissappointing": 3318, "yeast": 3319, "sweeeeet": 3320, "barbq": 3321, "yummies": 3322, "soooo": 3323, "popping": 3324, "socially": 3325, "bathe": 3326, "americas": 3327, "scientists": 3328, "bring": 3329, "iswelldamn": 3330, "sco": 3331, "hate": 3332, "luvem": 3333, "attack": 3334, "cran": 3335, "cranberry": 3336, "celiacs": 3337, "triple": 3338, "wonton": 3339, "doggy": 3340, "stimulant": 3341, "case": 3342, "severely": 3343, "canidae": 3344, "12pack": 3345, "broth": 3346, "512ounce": 3347, "chewey": 3348, "primary": 3349, "primal": 3350, "spoiled": 3351, "warned": 3352, "horrid": 3353, "died": 3354, "wondered": 3355, "cannibal": 3356, "yuccchhhhh": 3357, "taiwan": 3358, "teriyaki": 3359, "east": 3360, "deceptive": 3361, "carnivore": 3362, "yummygreat": 3363, "veganlicious": 3364, "tornbut": 3365, "yuuuuuummmmmyyy": 3366, "snacki": 3367, "meatless": 3368, "10g": 3369, "74": 3370, "carniomnivore": 3371, "moms": 3372, "primalspirit": 3373, "jerkywow": 3374, "havestaple": 3375, "grits": 3376, "saltines": 3377, "innocent": 3378, "animals": 3379, "bpafree": 3380, "god": 3381, "diggity": 3382, "nonvegetarians": 3383, "yummmmyyyy": 3384, "accident": 3385, "purpose": 3386, "highprotein": 3387, "luvs": 3388, "booda": 3389, "bone": 3390, "9": 3391, "busy": 3392, "rated": 3393, "yummmmm": 3394, "hell": 3395, "la": 3396, "tourangelle": 3397, "produced": 3398, "crystal": 3399, "turkey": 3400, "drank": 3401, "meltinyourmouth": 3402, "offtarget": 3403, "hummingbird": 3404, "dye": 3405, "whew": 3406, "rough": 3407, "126oz": 3408, "melt": 3409, "uncanny": 3410, "lking": 3411, "eyeballs": 3412, "healing": 3413, "powers": 3414, "within": 3415, "harmony": 3416, "bust": 3417, "party": 3418, "munching": 3419, "ve": 3420, "bergamont": 3421, "filter": 3422, "snickers": 3423, "sinfully": 3424, "cheezyyum": 3425, "brittle": 3426, "energybreakfastcandy": 3427, "badda": 3428, "bing": 3429, "continue": 3430, "healthiesttastiest": 3431, "mealonthego": 3432, "flat": 3433, "flavorthe": 3434, "fresher": 3435, "stashs": 3436, "stong": 3437, "unacceptable": 3438, "gmos": 3439, "entertained": 3440, "description": 3441, "fights": 3442, "boredom": 3443, "stiff": 3444, "teasmooth": 3445, "bigelow": 3446, "pomegranate": 3447, "pomegranite": 3448, "sports": 3449, "spoon": 3450, "yumm": 3451, "comment": 3452, "design": 3453, "passable": 3454, "mighty": 3455, "internet": 3456, "web": 3457, "reaction": 3458, "pug": 3459, "beer": 3460, "comforting": 3461, "ya": 3462, "useless": 3463, "effects": 3464, "raspberry": 3465, "mmmmh": 3466, "jummy": 3467, "foulest": 3468, "asleep": 3469, "fennel": 3470, "wimpy": 3471, "worthless": 3472, "hetrbal": 3473, "teaschamomile": 3474, "john": 3475, "licoriceflavored": 3476, "suggested": 3477, "dr": 3478, "warmed": 3479, "hawthorne": 3480, "horsetail": 3481, "preference": 3482, "baaaad": 3483, "nettle": 3484, "pond": 3485, "beneficial": 3486, "menopause": 3487, "hayfever": 3488, "painful": 3489, "periods": 3490, "anecdotal": 3491, "evidence": 3492, "breast": 3493, "production": 3494, "uti": 3495, "woman": 3496, "healthful": 3497, "sage": 3498, "colicky": 3499, "herbalistlove": 3500, "menstral": 3501, "cramps": 3502, "birthing": 3503, "inexpensive": 3504, "cleanser": 3505, "heathful": 3506, "buster": 3507, "sleep": 3508, "cured": 3509, "pylori": 3510, "economical": 3511, "alvita": 3512, "senna": 3513, "helped": 3514, "increase": 3515, "supply": 3516, "charges": 3517, "dbp323": 3518, "packages": 3519, "fenugreek": 3520, "believer": 3521, "insomnia": 3522, "fyi": 3523, "spearment": 3524, "tastingeffective": 3525, "valerian": 3526, "rose": 3527, "promotes": 3528, "nights": 3529, "arthritis": 3530, "helping": 3531, "flashes": 3532, "clover": 3533, "himalayan": 3534, "company": 3535, "saw": 3536, "eliminating": 3537, "crows": 3538, "sweats": 3539, "disagreeable": 3540, "saltysour": 3541, "kitchens": 3542, "india": 3543, "navratan": 3544, "korma": 3545, "vegetable": 3546, "cottage": 3547, "pav": 3548, "bhaji": 3549, "chihuahua": 3550, "soups": 3551, "salads": 3552, "enthusiastically": 3553, "tooooooooooo": 3554, "stewpendous": 3555, "gritty": 3556, "variation": 3557, "pistachio": 3558, "latte": 3559, "lb": 3560, "28mg": 3561, "nows": 3562, "antiinflammatory": 3563, "packets": 3564, "truvia": 3565, "output": 3566, "spectrum": 3567, "brightness": 3568, "efficient": 3569, "double": 3570, "fructose": 3571, "sucrose": 3572, "opposed": 3573, "retail": 3574, "desolve": 3575, "liquids": 3576, "power": 3577, "sweetner": 3578, "erlin": 3579, "scamming": 3580, "safflwer": 3581, "endorsement": 3582, "1lb": 3583, "rapid": 3584, "servicereasonable": 3585, "flexible": 3586, "distant": 3587, "banish": 3588, "hairballs": 3589, "bait": 3590, "flakes": 3591, "away": 3592, "jet": 3593, "his": 3594, "whiskas": 3595, "temptations": 3596, "dentabites": 3597, "roxys": 3598, "wiskas": 3599, "dairy": 3600, "treatment": 3601, "fickel": 3602, "chester": 3603, "keepem": 3604, "comin": 3605, "kittens": 3606, "skeptical": 3607, "bananas": 3608, "wonders": 3609, "reducer": 3610, "fur": 3611, "tricks": 3612, "fortnightly": 3613, "bobbys": 3614, "cocaine": 3615, "monthly": 3616, "favour": 3617, "trained": 3618, "begs": 3619, "gaga": 3620, "canada": 3621, "pair": 3622, "cleanup": 3623, "savory": 3624, "salmon": 3625, "prevent": 3626, "barfing": 3627, "keeper": 3628, "obligate": 3629, "carnivores": 3630, "spots": 3631, "queen": 3632, "nonginger": 3633, "motion": 3634, "sickness": 3635, "potentially": 3636, "acesulfame": 3637, "force": 3638, "paid": 3639, "core": 3640, "throatsnot": 3641, "slavefree": 3642, "restrained": 3643, "dealbreaker": 3644, "sulphered": 3645, "match": 3646, "smoother": 3647, "yummilicious": 3648, "instand": 3649, "savor": 3650, "snacktoasty": 3651, "fringe": 3652, "reservations": 3653, "winning": 3654, "left": 3655, "sign": 3656, "disappear": 3657, "rejoice": 3658, "soysauce": 3659, "sushi": 3660, "nomnomnomnomnom": 3661, "loooove": 3662, "wakes": 3663, "habanero": 3664, "awwesome": 3665, "smokehouse": 3666, "bs": 3667, "carbglycemic": 3668, "fanfriggentastic": 3669, "everrr": 3670, "wicked": 3671, "travel": 3672, "keto": 3673, "bangin": 3674, "loco": 3675, "wallop": 3676, "darjeeling": 3677, "tea4me": 3678, "indoor": 3679, "smoking": 3680, "campfire": 3681, "particularly": 3682, "fantastick": 3683, "moderately": 3684, "boyfriend": 3685, "eg": 3686, "lodi": 3687, "gayle": 3688, "sediment": 3689, "stems": 3690, "inferior": 3691, "follow": 3692, "honest": 3693, "irish": 3694, "watse": 3695, "deceiving": 3696, "lavender": 3697, "cook": 3698, "enjoying": 3699, "culinary": 3700}